BIKE_ID,BIKE_LATITUDE,BIKE_LONGITUDE,TIME,FENCE_LATITUDE,FENCE_LONGITUDE,FENCE_LATITUDE_0,FENCE_LONGITUDE_0,FENCE_LATITUDE_1,FENCE_LONGITUDE_1,FENCE_LATITUDE_2,FENCE_LONGITUDE_2,FENCE_LATITUDE_3,FENCE_LONGITUDE_3,DISTANCE,IS_INSIDE
c5e3f79760c5eb3f4e0aa6f0f5418351,24.488027,118.157727,2020-12-25 08:09:00,24.488185254475,118.157748129,24.4882487809,118.157781838,24.4881167403,118.157729425,24.4881217281,118.15771442,24.4882537686,118.157766833,17.659462531688547,0
